AA,2000/01/23,912345678,abdc123@gmail.com,100,2015/03/10,abc123
CC,2000/01/01,912345679,abdc12345@gmail.com,1000000,2015/09/25,abc123
BB,2000/01/11,912345679,abdc1234@gmail.com,10000,2020/11/15,abc1236
Eden,1990/06/23,922268433,Eden@mail.com,4989,2019/03/22,Eden
Antonia,1906/12/19,971851081,Antonia@mail.com,1520,2021/07/10,Antonia
Betsy,1995/11/26,987896053,Betsy@mail.com,8335,2017/10/22,Betsy
Dale,1934/01/15,914522235,Dale@mail.com,7738,2019/12/24,Dale
Elma,1989/09/12,938403262,Elma@mail.com,9684,2018/01/11,Elma
Hale,1918/04/20,935958245,Hale@mail.com,6532,2019/01/27,Hale
Andrea,1918/07/07,960858696,Andrea@mail.com,1813,2019/04/17,Andrea
Beatrice,1966/10/07,952379887,Beatrice@mail.com,8323,2019/10/08,Beatrice
Ziv,1971/03/17,922360959,Ziv@mail.com,9219,2016/08/31,Ziv
Dinah,1974/08/13,929473696,Dinah@mail.com,7950,2019/02/03,Dinah
Keith,2006/07/10,954117609,Keith@mail.com,9980,2019/01/10,Keith
Belinda,1909/08/17,933448942,Belinda@mail.com,2857,2019/01/12,Belinda
Kent,1974/05/25,931954115,Kent@mail.com,6263,2019/07/20,Kent
Kerr,1923/09/28,918091364,Kerr@mail.com,3349,2017/02/22,Kerr
Doris,1994/11/11,933342865,Doris@mail.com,3723,2018/04/09,Doris
Griffith,1992/10/09,927297483,Griffith@mail.com,123,2015/12/30,Griffith
Denise,1964/03/08,963928372,Denise@mail.com,4672,2019/05/07,Denise
Zebulon,2000/03/19,933280675,Zebulon@mail.com,1365,2018/06/11,Zebulon
Christine,1987/09/28,916653840,Christine@mail.com,6967,2019/06/15,Christine
Edwina,1966/02/22,987636191,Edwina@mail.com,256,2019/08/18,Edwina
Ken,1914/05/03,968064974,Ken@mail.com,1989,2015/05/19,Ken
Ada,1928/02/16,932295693,Ada@mail.com,713,2015/01/18,Ada
Erin,1908/09/21,989076372,Erin@mail.com,1322,2021/12/21,Erin
Brook,1991/03/17,953880993,Brook@mail.com,3355,2015/12/12,Brook
Yale,1949/11/02,919670631,Yale@mail.com,9354,2017/01/24,Yale
Deirdre,1954/09/22,956574382,Deirdre@mail.com,1887,2018/05/27,Deirdre
Dolores,1913/01/31,923583306,Dolores@mail.com,1912,2018/09/23,Dolores
Atalanta,1926/11/05,920057660,Atalanta@mail.com,9337,2021/02/27,Atalanta
Kerwin,1912/11/09,968039952,Kerwin@mail.com,3224,2017/08/24,Kerwin
Breenda,2003/08/15,987057332,Breenda@mail.com,4239,2017/12/02,Breenda
Aurora,2009/09/27,935466943,Aurora@mail.com,8020,2016/02/02,Aurora
Valentine,1939/01/10,936524827,Valentine@mail.com,4485,2017/01/04,Valentine
Donna,1990/02/11,920933911,Donna@mail.com,8001,2015/06/08,Donna
Diana,1976/07/19,938583429,Diana@mail.com,1776,2019/01/31,Diana
Ella,1992/11/12,972209717,Ella@mail.com,7562,2021/05/29,Ella
Gustave,1948/06/09,929480696,Gustave@mail.com,1100,2018/04/13,Gustave
Eudora,1919/07/23,931555093,Eudora@mail.com,6031,2017/04/29,Eudora
Hamiltion,1995/10/26,913797681,Hamiltion@mail.com,9769,2021/07/04,Hamiltion
Eleanore,1999/04/27,934731482,Eleanore@mail.com,668,2019/09/30,Eleanore
Verne,2002/11/21,956736405,Verne@mail.com,5704,2017/05/22,Verne
Alberta,2002/12/05,960122529,Alberta@mail.com,5555,2016/08/30,Alberta
Betty,1910/09/23,925663903,Betty@mail.com,150,2015/12/07,Betty
Catherine,1900/04/03,914871109,Catherine@mail.com,1830,2021/10/12,Catherine
Yves,1912/02/23,912186766,Yves@mail.com,3229,2021/10/25,Yves
Grover,1908/02/18,930173000,Grover@mail.com,2624,2017/06/03,Grover
Elva,1947/12/22,910538609,Elva@mail.com,5880,2016/08/11,Elva
Abigail,1934/06/28,917126553,Abigail@mail.com,2329,2015/12/29,Abigail
Oliver,1931/01/12,982673667,Oliver@mail.com,177,2017/03/22,Oliver
Beulah,1942/11/24,963182763,Beulah@mail.com,6335,2020/11/09,Beulah
Wythe,1967/04/08,934366764,Wythe@mail.com,3555,2018/10/06,Wythe
Guy,2003/05/19,955160919,Guy@mail.com,6409,2017/09/03,Guy
Kennedy,1931/06/16,956061124,Kennedy@mail.com,4237,2021/12/15,Kennedy
Anna,1976/08/05,971275641,Anna@mail.com,3360,2015/02/28,Anna
Harley,1925/05/22,911198738,Harley@mail.com,5682,2018/08/21,Harley
Valentine,1971/07/19,989184125,Valentine@mail.com,9313,2018/09/30,Valentine
Debby,1966/09/13,918411348,Debby@mail.com,4892,2015/08/04,Debby
Gregary,1925/08/08,923509241,Gregary@mail.com,9311,2020/05/15,Gregary
Astrid,1913/04/18,922276671,Astrid@mail.com,1534,2021/08/12,Astrid
Celeste,1983/11/06,955199815,Celeste@mail.com,76,2019/03/09,Celeste
Esther,1926/03/21,986973446,Esther@mail.com,6660,2018/08/15,Esther
Cornelia,1929/10/08,982902427,Cornelia@mail.com,9042,2018/03/07,Cornelia
Edith,1939/03/15,933183136,Edith@mail.com,6768,2020/03/02,Edith
Dominic,1973/03/29,920924266,Dominic@mail.com,8168,2019/08/21,Dominic
Carol,1921/09/26,972636030,Carol@mail.com,5204,2015/11/17,Carol
Ann,2010/01/25,987185293,Ann@mail.com,8818,2021/09/07,Ann
Agatha,1920/10/04,961381646,Agatha@mail.com,208,2020/03/19,Agatha
Dora,1951/09/27,987023715,Dora@mail.com,3969,2019/07/20,Dora
Victor,1942/12/16,972813936,Victor@mail.com,6419,2016/07/13,Victor
Harold,1933/03/17,971434056,Harold@mail.com,9859,2015/01/12,Harold
Cora,1955/06/06,930244443,Cora@mail.com,2048,2015/02/05,Cora
Belle,2006/08/10,963496699,Belle@mail.com,4126,2016/07/10,Belle
Eve,1971/10/30,928149716,Eve@mail.com,1040,2018/08/04,Eve
Yehudi,1982/04/10,918361757,Yehudi@mail.com,433,2019/12/24,Yehudi
Omar,1993/05/13,972469233,Omar@mail.com,3645,2021/01/14,Omar
Daisy,1996/05/14,954177795,Daisy@mail.com,6125,2020/09/22,Daisy
Charlotte,1906/12/28,939879683,Charlotte@mail.com,505,2021/01/19,Charlotte
Harlan,1934/06/03,986572740,Harlan@mail.com,2976,2019/07/02,Harlan
Kelly,1997/10/24,953415533,Kelly@mail.com,1907,2015/07/25,Kelly
York,1902/10/11,934623223,York@mail.com,1241,2017/02/09,York
Candance,1934/08/03,929209318,Candance@mail.com,4131,2017/03/31,Candance
Orville,2010/05/18,935500188,Orville@mail.com,5714,2015/08/26,Orville
Dorothy,1995/11/04,939798330,Dorothy@mail.com,9342,2016/07/20,Dorothy
Clara,1986/11/23,972137108,Clara@mail.com,1700,2018/03/12,Clara
Bertha,1942/03/08,912453548,Bertha@mail.com,5804,2015/05/17,Bertha
Dawn,1916/05/14,987830442,Dawn@mail.com,191,2021/03/18,Dawn
Adelaide,1961/11/28,961990277,Adelaide@mail.com,6041,2018/06/14,Adelaide
Arlene,1986/05/30,933043673,Arlene@mail.com,5187,2017/03/10,Arlene
Beverly,1994/07/23,960804798,Beverly@mail.com,8748,2020/01/03,Beverly
Elsa,1961/12/05,912627415,Elsa@mail.com,5006,2018/03/30,Elsa
Virgil,1951/09/08,989070796,Virgil@mail.com,6840,2020/03/11,Virgil
Haley,1972/05/14,920430505,Haley@mail.com,3566,2019/10/10,Haley
Kenneth,1950/10/26,930270355,Kenneth@mail.com,5433,2021/05/30,Kenneth
Bernice,1933/06/17,953687795,Bernice@mail.com,7081,2020/02/29,Bernice
Gordon,1970/10/08,960875823,Gordon@mail.com,3973,2020/01/31,Gordon
Barbara,1921/11/21,910670626,Barbara@mail.com,3692,2020/11/20,Barbara
Erica,1970/05/12,912376400,Erica@mail.com,6201,2016/02/05,Erica
Dana,1932/06/02,956800830,Dana@mail.com,2505,2017/06/08,Dana
Elvira,1905/01/13,938275481,Elvira@mail.com,5975,2018/09/01,Elvira
Cheryl,2009/11/04,931582871,Cheryl@mail.com,6435,2015/10/13,Cheryl
Crystal,2004/06/01,920355141,Crystal@mail.com,2041,2016/04/20,Crystal
Amanda,1968/02/22,954286567,Amanda@mail.com,1999,2020/02/18,Amanda
Claire,1975/09/14,952714812,Claire@mail.com,9212,2015/07/19,Claire
Clementine,1996/05/01,956320150,Clementine@mail.com,408,2021/09/10,Clementine
Vincent,1907/08/13,958500502,Vincent@mail.com,2250,2016/03/27,Vincent
Hardy,2003/07/10,982876968,Hardy@mail.com,9278,2021/02/04,Hardy
Eartha,1942/09/13,988768841,Eartha@mail.com,3467,2021/02/09,Eartha
Arabela,1956/11/06,954404073,Arabela@mail.com,3622,2021/07/10,Arabela
Audrey,1928/08/21,913570276,Audrey@mail.com,5655,2016/06/22,Audrey
Beryl,1980/08/26,989408576,Beryl@mail.com,5865,2017/10/16,Beryl
Amy,1967/08/31,915755626,Amy@mail.com,215,2020/02/07,Amy
April,1921/07/23,987658348,April@mail.com,5648,2021/07/09,April
Blanche,2010/08/01,953843667,Blanche@mail.com,8327,2020/05/02,Blanche
Cara,1956/12/27,926380084,Cara@mail.com,1751,2017/02/09,Cara
Ogden,1920/11/28,912872717,Ogden@mail.com,5347,2016/05/21,Ogden
Ethel,1974/11/20,935458242,Ethel@mail.com,1356,2021/10/30,Ethel
Zachary,1967/03/06,928176040,Zachary@mail.com,1836,2019/08/12,Zachary
Adela,1945/03/30,911509688,Adela@mail.com,2910,2018/11/07,Adela
Evangeline,1973/01/16,922578186,Evangeline@mail.com,8915,2020/04/04,Evangeline
Harriet,1970/02/23,936658096,Harriet@mail.com,4648,2015/02/19,Harriet
Evelyn,1909/07/11,924692613,Evelyn@mail.com,7147,2021/04/06,Evelyn
Vic,1989/02/13,939535229,Vic@mail.com,2593,2020/10/10,Vic
Alva,1909/08/13,928844876,Alva@mail.com,5119,2018/03/05,Alva
Daphne,1981/09/25,955517966,Daphne@mail.com,1351,2016/10/13,Daphne
Angela,1953/04/29,971139337,Angela@mail.com,9838,2020/06/06,Angela
Doreen,1987/05/25,933199105,Doreen@mail.com,8936,2015/08/09,Doreen
Bblythe,1945/10/18,928106628,Bblythe@mail.com,586,2018/05/11,Bblythe
Eunice,1945/10/08,917583285,Eunice@mail.com,9960,2015/05/24,Eunice
Greg,1906/02/24,970144392,Greg@mail.com,8650,2020/07/17,Greg
Osborn,1937/05/21,927552381,Osborn@mail.com,5029,2019/05/30,Osborn
Cherry,1939/02/14,988578512,Cherry@mail.com,942,2019/05/30,Cherry
Cathy,1912/01/04,930114691,Cathy@mail.com,6559,2019/05/30,Cathy
Xavier,1940/05/04,927579907,Xavier@mail.com,2895,2019/05/30,Xavier
